Replicate,Peptide,Precursor,Precursor Charge,Peptide Retention Time
syn38x_1fm_FixDIA_01,EISDGDVIISGNK,673.8435++,2,15.13
syn38x_1fm_FixDIA_01,EISDGDVIISGNK,677.8506++ (heavy),2,15.13
syn38x_1fm_FixDIA_01,VLGSGAFGTVYK,599.8270++,2,24.65
syn38x_1fm_FixDIA_01,VLGSGAFGTVYK,603.8341++ (heavy),2,24.65
syn38x_1fm_FixDIA_01,ELREATSPK,515.7800++,2,6.53
syn38x_1fm_FixDIA_01,ELREATSPK,519.7871++ (heavy),2,6.53
syn38x_1fm_FixDIA_01,ITDFGLAK,432.7449++,2,15.28
syn38x_1fm_FixDIA_01,ITDFGLAK,436.7520++ (heavy),2,15.28
syn38x_1fm_FixDIA_01,VLASGAFGTVYK,606.8348++,2,23.9
syn38x_1fm_FixDIA_01,VLASGAFGTVYK,610.8419++ (heavy),2,23.9
syn38x_1fm_FixDIA_01,ITDFGRAK,454.2534++,2,7.16
syn38x_1fm_FixDIA_01,ITDFGRAK,458.2605++ (heavy),2,7.16
syn38x_1fm_FixDIA_01,AKPNGIFKGSTAE,660.3513++,2,7.86
syn38x_1fm_FixDIA_01,AKPNGIFKGSTAE,663.3582++ (heavy),2,7.86
syn38x_1fm_FixDIA_01,KVKIPVAIKTSPKANKE,463.5411++++,4,7.62
syn38x_1fm_FixDIA_01,KVKIPVAIKTSPKANKE,465.0446++++ (heavy),4,7.62
syn38x_1fm_FixDIA_01,LTQEHIEALLDK,470.5927+++,3,21.01
syn38x_1fm_FixDIA_01,LTQEHIEALLDK,473.2641+++ (heavy),3,21.01
syn38x_1fm_FixDIA_01,IGDFGLATVK,510.7898++,2,29.13
syn38x_1fm_FixDIA_01,IGDFGLATVK,514.7969++ (heavy),2,29.13
syn38x_1fm_FixDIA_01,IGDFGLATEK,525.7769++,2,18.91
syn38x_1fm_FixDIA_01,IGDFGLATEK,529.7840++ (heavy),2,18.91
